FINAL TIME,INITIAL TIME,SAVEPER,TIME STEP,d0,d1,Degradation,Evapotranspiration,g0,Growth,infil c,Infiltration,k et,k perc,r,Percolation,NDVI sim raw,NDVI sim,NDVI obs,Precipitation norm,precipitation,Soil Water,Vegetation Biomass
119,0,1,1,0.08,0.35,0.025999999999999995,0.0012000000000000001,0.01,0.017549999999999996,0.6,0.03471037902259011,0.05,0.15,0.5,0.045,0.11122300153241528,0.11122300153241528,0.093,0.08264375957759551,105.363,0.3,0.08
119,0,1,1,0.08,0.35,0.023541478833326787,0.001032145880953316,0.01,0.015812172615142922,0.6,0.004571161661250704,0.05,0.15,0.5,0.04327655685338851,0.0988682736825108,0.11122300153241528,0.089,0.010707960515692564,16.37,0.2885103790225901,0.07155
119,0,1,1,0.08,0.35,0.021885999036978018,0.0007938427556004172,0.01,0.013247702745872456,0.6,0.009814337389817025,0.05,0.15,0.5,0.03731592569242484,0.09986591124319208,0.0988682736825108,0.088,0.021774011656315435,30.06,0.24877283794949895,0.06382069378181614
119,0,1,1,0.08,0.35,0.01947016575432683,0.0006083235952398169,0.01,0.01103757369890149,0.6,0.011508370371621356,0.05,0.15,0.5,0.033071611033693604,0.09945513496275182,0.09986591124319208,0.092,0.02460559508550477,33.563,0.22047740689129072,0.05518239749071058
119,0,1,1,0.08,0.35,0.016857650491236074,0.00046353797799093973,0.01,0.009167523329423541,0.6,0.030582290374716315,0.05,0.15,0.5,0.029745876395096797,0.10484753495012664,0.09945513496275182,0.108,0.06357846504123824,81.777,0.19830584263397866,0.04674980543528524
119,0,1,1,0.08,0.35,0.014079547267200843,0.00038801634148463124,0.01,0.008180287325383423,0.6,0.16364529190719654,0.05,0.15,0.5,0.029801807795341084,0.14836445473322724,0.10484753495012664,0.138,0.34036554316174983,424.195,0.19867871863560724,0.0390596782734727
119,0,1,1,0.08,0.35,0.010404181885398598,0.0005506854281733104,0.01,0.010389654331424351,0.6,0.13359443296200785,0.05,0.15,0.5,0.0498201279608967,0.1466578679875698,0.14836445473322724,0.168,0.3333864134650268,415.561,0.332134186405978,0.033160418331655284
119,0,1,1,0.08,0.35,0.009434141469680813,0.0006883702235317188,0.01,0.011808621483386815,0.6,0.1800452987280477,0.05,0.15,0.5,0.062303670896837374,0.17543674883943805,0.1466578679875698,0.196,0.5132634985104372,638.09,0.41535780597891586,0.033145890777681035
119,0,1,1,0.08,0.35,0.008654756003085023,0.0009455719196016289,0.01,0.013990511811992994,0.6,0.08765136723532596,0.05,0.15,0.5,0.07986165953798917,0.1435397423244892,0.17543674883943805,0.149,0.3124231577834407,389.627,0.5324110635865945,0.035520370791387035
119,0,1,1,0.08,0.35,0.00985697689484312,0.0011015939347548188,0.01,0.015355634244936186,0.6,0.03175061971836237,0.05,0.15,0.5,0.08088827990464945,0.1124620152004712,0.1435397423244892,0.112,0.11485251587776055,145.209,0.5392551993643296,0.04085612660029501
119,0,1,1,0.08,0.35,0.01199867712715028,0.0011334114245023703,0.01,0.01587323577123696,0.6,0.008209006496271407,0.05,0.15,0.5,0.07335239178649315,0.09891950326553689,0.1124620152004712,0.103,0.02677515544061301,36.247,0.48901594524328773,0.04635478395038807
119,0,1,1,0.08,0.35,0.014166748983785922,0.0010616954759768884,0.01,0.015509327430116127,0.6,0.0010034149833853723,0.05,0.15,0.5,0.06341087227928455,0.09548646357764168,0.09891950326553689,0.094,0.002897058238713833,6.707,0.42273914852856365,0.05022934259447475
119,0,1,1,0.08,0.35,0.015691040698823152,0.0009264121926747114,0.01,0.01440647687097953,0.6,0.01571105765825623,0.05,0.15,0.5,0.05389049936350314,0.10169600774840612,0.09548646357764168,0.091,0.04086759777703516,53.681,0.3592699957566876,0.051571921040804956
119,0,1,1,0.08,0.35,0.01598849060262183,0.0008050104284216495,0.01,0.01322531268982256,0.6,0.008089006825205965,0.05,0.15,0.5,0.04802462127881489,0.09820166115747321,0.10169600774840612,0.093,0.019830783976106717,27.656,0.32016414185876596,0.050287357212961334
119,0,1,1,0.08,0.35,0.0157876164365502,0.0006639686660742126,0.01,0.011698872272312573,0.6,0.005907236396895449,0.05,0.15,0.5,0.04191352754651031,0.09693853290363139,0.09820166115747321,0.093,0.013663218585094845,20.026,0.2794235169767354,0.04752417930016206
119,0,1,1,0.08,0.35,0.014986804434038953,0.0005272046677726506,0.01,0.0100579641163569,0.6,0.1081521527378757,0.05,0.15,0.5,0.03641298857415695,0.1324296420490696,0.09693853290363139,0.098,0.23803811584673226,297.604,0.24275325716104634,0.04343543513592443
119,0,1,1,0.08,0.35,0.012326429787152853,0.0006044865692416246,0.01,0.010997706636412575,0.6,0.018943416503020376,0.05,0.15,0.5,0.047094782498548864,0.10121410206052661,0.1324296420490696,0.114,0.0460215161168899,60.057,0.31396521665699245,0.03850659481824238
119,0,1,1,0.08,0.35,0.012275267819219221,0.0005301738568295263,0.01,0.010133252629137324,0.6,0.050807274239408576,0.05,0.15,0.5,0.042781404613833354,0.11267243735832089,0.10121410206052661,0.141,0.11846656369731678,149.68,0.28520936409222236,0.0371778716675021
119,0,1,1,0.08,0.35,0.01147610792166444,0.0005127586233751784,0.01,0.009934322178265556,0.6,0.23689932714312825,0.05,0.15,0.5,0.043905758979145205,0.18282014981320366,0.11267243735832089,0.156,0.5582285260341353,693.717,0.29270505986096806,0.035035856477420205
119,0,1,1,0.08,0.35,0.00871465297551976,0.0008125424914442007,0.01,0.012896175682408893,0.6,0.3088884781093703,0.05,0.15,0.5,0.07277788041023639,0.25334940694406916,0.18282014981320366,0.168,0.9999999991916689,1240.24,0.48518586940157593,0.03349407073402132
119,0,1,1,0.08,0.35,0.006699874381089899,0.0013572329712145134,0.01,0.01660474421114974,0.6,0.13032857227512554,0.05,0.15,0.5,0.10807258869138985,0.21810490162914786,0.25334940694406916,0.147,0.7771083892816051,964.497,0.7204839246092657,0.03767559344091045
119,0,1,1,0.08,0.35,0.008113233304673851,0.0017637665574061967,0.01,0.01950428704260894,0.6,0.03399177091295742,0.05,0.15,0.5,0.11120740128326803,0.12980779502907935,0.21810490162914786,0.11,0.21906092938738944,274.127,0.7413826752217869,0.04758046327097029
119,0,1,1,0.08,0.35,0.01168572814639361,0.001953146309633672,0.01,0.021510345280321416,0.6,0.010964606604299328,0.05,0.15,0.5,0.0993604917441105,0.10455806250507405,0.12980779502907935,0.092,0.05413069252614692,70.089,0.6624032782940701,0.05897151700890538
119,0,1,1,0.08,0.35,0.015808045435403182,0.0019677560351450125,0.01,0.022428307904309913,0.6,0.01466798417455916,0.05,0.15,0.5,0.08580813702669378,0.10601970282446838,0.10455806250507405,0.084,0.057125558813656614,73.794,0.5720542468446252,0.06879613414283318
119,0,1,1,0.08,0.35,0.019258993324069926,0.0018814367455683202,0.01,0.022408530054770233,0.6,0.0021873358825723224,0.05,0.15,0.5,0.07484195069360183,0.09870576560790002,0.10601970282446838,0.087,0.007275787167037729,12.124,0.4989463379573456,0.07541639661173992
119,0,1,1,0.08,0.35,0.022112884742326807,0.001667209513560356,0.01,0.021209564165330694,0.6,0.004805463665225724,0.05,0.15,0.5,0.06366154296011217,0.10008293085751277,0.09870576560790002,0.091,0.013914609520429666,20.337,0.4244102864007478,0.07856593334244022
119,0,1,1,0.08,0.35,0.023503778244604128,0.0014130207492195482,0.01,0.01929845996272848,0.6,0.02424456551181566,0.05,0.15,0.5,0.054583049638845145,0.10792989170910364,0.10008293085751277,0.088,0.06352269020349514,81.708,0.363886997592301,0.0776626127654441
119,0,1,1,0.08,0.35,0.023047415484023587,0.0012198887348444066,0.01,0.017574235377877605,0.6,0.09834689333449373,0.05,0.15,0.5,0.04982032390740779,0.13661393121159493,0.10792989170910364,0.099,0.24542626102023798,306.744,0.3321354927160519,0.07345729448356846
119,0,1,1,0.08,0.35,0.020204555141479143,0.0012898020058303597,0.01,0.017983651227694672,0.6,0.17195059399431548,0.05,0.15,0.5,0.056916326011244016,0.17068917514570942,0.13661393121159493,0.13,0.4618172731747949,574.445,0.37944217340829345,0.06798411437742247
119,0,1,1,0.08,0.35,0.016926442632046502,0.0016216768381882624,0.01,0.020219933723660037,0.6,0.20532578404453647,0.05,0.15,0.5,0.07397799590783018,0.20461124409080103,0.17068917514570942,0.156,0.6752182690277327,838.447,0.49318663938553453,0.06576321046363799
119,0,1,1,0.08,0.35,0.014638676697125857,0.002150814995947471,0.01,0.023378482039291198,0.6,0.12846918710633054,0.05,0.15,0.5,0.09343691260260789,0.18775586452610593,0.20461124409080103,0.19,0.56781371481613,705.575,0.6229127506840526,0.06905670155525152
119,0,1,1,0.08,0.35,0.01559602338712315,0.002550924939823729,0.01,0.02602769657273576,0.6,0.057679706102749286,0.05,0.15,0.5,0.09836913152877418,0.14246586869120298,0.18775586452610593,0.191,0.27928886250913304,348.636,0.6557942101918278,0.07779650689741686
119,0,1,1,0.08,0.35,0.019022538146354222,0.0027022256127640643,0.01,0.027651398603599407,0.6,0.1283893238595978,0.05,0.15,0.5,0.09188307897389687,0.1871890436051008,0.14246586869120298,0.152,0.5522889099799866,686.369,0.6125538598259792,0.08822818008302948
119,0,1,1,0.08,0.35,0.019737018477524723,0.003130215564970483,0.01,0.030299351463641357,0.6,0.012085183920681374,0.05,0.15,0.5,0.09695368186483741,0.10879863354322458,0.1871890436051008,0.123,0.05695580930748198,73.584,0.6463578790989161,0.09685704054027466
119,0,1,1,0.08,0.35,0.02519782349671744,0.0029989295885186886,0.01,0.030567558931255626,0.6,0.0011620088599891734,0.05,0.15,0.5,0.08375387483846843,0.10144356864482763,0.10879863354322458,0.103,0.004385195576178166,8.548,0.5583591655897895,0.1074193735263913
119,0,1,1,0.08,0.35,0.029836223733276098,0.0026661561599890834,0.01,0.02917663895989458,0.6,0.031154780322914553,0.05,0.15,0.5,0.07091525550341873,0.11703657972146866,0.10144356864482763,0.062,0.09848543015859822,124.961,0.47276837002279154,0.11278910896092949
119,0,1,1,0.08,0.35,0.03132679036187475,0.002412700719824411,0.01,0.027651209956778333,0.6,0.005073393047280717,0.05,0.15,0.5,0.06455126080234475,0.10358789350971472,0.11703657972146866,0.071,0.014843381818499476,21.486,0.4303417386822983,0.11212952418754797
119,0,1,1,0.08,0.35,0.03264920195136564,0.001997999125012646,0.01,0.02475394684453158,0.6,0.009922904239496785,0.05,0.15,0.5,0.055267675531111476,0.10503526485598504,0.10358789350971472,0.095,0.02618669048587426,35.519,0.36845117020740986,0.10845394378245155
119,0,1,1,0.08,0.35,0.03193865226852506,0.001614511980284351,0.01,0.021596017930622692,0.6,0.04195252071346672,0.05,0.15,0.5,0.04816625996861738,0.11653469826164586,0.10503526485598504,0.091,0.10299268371302578,130.537,0.32110839979078254,0.10055868867561749
119,0,1,1,0.08,0.35,0.028900888748468655,0.0014131449452498349,0.01,0.019660343800075437,0.6,0.10995582062457042,0.05,0.15,0.5,0.046992022283302126,0.14171958788595834,0.11653469826164586,0.099,0.26686239032616765,333.263,0.3132801485553475,0.09021605433771512
119,0,1,1,0.08,0.35,0.024196228744421455,0.0015176057561409949,0.01,0.020227313155750663,0.6,0.1593066488813722,0.05,0.15,0.5,0.0562246202927049,0.16604999192232145,0.14171958788595834,0.141,0.42470275614618275,528.53,0.374830801951366,0.08097550938932191
119,0,1,1,0.08,0.35,0.020272884587053903,0.001834278678175154,0.01,0.022218690698244448,0.6,0.11921594406896861,0.05,0.15,0.5,0.07145928371758384,0.15841614541678153,0.16604999192232145,0.182,0.37947178772947765,472.574,0.4763952247838923,0.07700659380065111
119,0,1,1,0.08,0.35,0.01951615197099295,0.0020619114272998522,0.01,0.023685752479188932,0.6,0.17797341874106604,0.05,0.15,0.5,0.07834764096856528,0.19724907629013255,0.15841614541678153,0.205,0.6209614768684275,771.325,0.5223176064571019,0.07895239991184166
119,0,1,1,0.08,0.35,0.01770843436568989,0.002576289402132328,0.01,0.026628037150275077,0.6,0.15129068693132522,0.05,0.15,0.5,0.09298222092034542,0.20444799794459845,0.19724907629013255,0.205,0.6633487368912167,823.763,0.6198814728023028,0.08312200042003764
119,0,1,1,0.08,0.35,0.017813292174432928,0.0031092281719364125,0.01,0.029760316898549043,0.6,0.13838775010995752,0.05,0.15,0.5,0.10134204741167253,0.21296788669899902,0.20444799794459845,0.167,0.7110232898658547,882.742,0.6756136494111502,0.09204160320462283
119,0,1,1,0.08,0.35,0.018890309667133235,0.0036892571917463584,0.01,0.03319553644595713,0.6,0.027361030661660943,0.05,0.15,0.5,0.10643251859062482,0.12551946171349287,0.21296788669899902,0.133,0.15700374325386868,197.355,0.7095501239374988,0.10398862792873895
119,0,1,1,0.08,0.35,0.024915491425753153,0.0037072665854998386,0.01,0.03457175921892232,0.6,0.026937586894470313,0.05,0.15,0.5,0.09401840682251829,0.1210768454771684,0.12551946171349287,0.101,0.12029662504007572,151.944,0.6267893788167886,0.11829385470756285
119,0,1,1,0.08,0.35,0.030119400964047027,0.003557021673038249,0.01,0.03463917736843152,0.6,0.0009360775322613863,0.05,0.15,0.5,0.08340019384548612,0.1033572226145236,0.1210768454771684,0.091,0.0035138147778150204,7.47,0.5560012923032408,0.127950122500732
119,0,1,1,0.08,0.35,0.035171678293776716,0.0031129111764890555,0.01,0.03268648629402609,0.6,0.010778992844435325,0.05,0.15,0.5,0.07049702314754668,0.10867017944701828,0.1033572226145236,0.084,0.033894934728166425,45.055,0.4699801543169778,0.1324698989051165
119,0,1,1,0.08,0.35,0.0373703140852114,0.002646158554870847,0.01,0.029866614942583976,0.6,0.003423353554879252,0.05,0.15,0.5,0.061072381925606614,0.10453830887759583,0.10867017944701828,0.089,0.009623988669120228,15.029,0.4071492128373774,0.1299847069053659
119,0,1,1,0.08,0.35,0.037797772613894345,0.0021241515320118863,0.01,0.026106474905893615,0.6,0.00741411597020069,0.05,0.15,0.5,0.05202810388676688,0.10527513863685854,0.10453830887759583,0.088,0.01891898662865437,26.528,0.3468540259117792,0.12248100776273847
119,0,1,1,0.08,0.35,0.0360021621081097,0.0016624876022039324,0.01,0.022226992356202346,0.6,0.008739294523906597,0.05,0.15,0.5,0.04501738296948017,0.10440877731859548,0.10527513863685854,0.107,0.0208112894570107,28.869,0.30011588646320114,0.11078971005473774
119,0,1,1,0.08,0.35,0.032814066303670605,0.0012717408609352091,0.01,0.018506750311471823,0.6,0.13641583292638323,0.05,0.15,0.5,0.03932629656231355,0.14900524659856573,0.10440877731859548,0.14,0.30814870355176693,384.339,0.26217531041542363,0.09701454030283038
119,0,1,1,0.08,0.35,0.025201090814068527,0.0014804308056432945,0.01,0.019999946118518422,0.6,0.15283591560583495,0.05,0.15,0.5,0.05369896588778372,0.16175328708462255,0.14900524659856573,0.179,0.3967660290847462,493.969,0.35799310591855815,0.0827072243106316
119,0,1,1,0.08,0.35,0.020967148599929236,0.0017657808049365434,0.01,0.0218131376600083,0.6,0.17185702926088445,0.05,0.15,0.5,0.06834744372464491,0.18194002570923173,0.16175328708462255,0.208,0.5261838609232724,654.074,0.45564962483096605,0.07750607961508149
119,0,1,1,0.08,0.35,0.018405864635067878,0.0021836464136073086,0.01,0.024304545097014973,0.6,0.25658027197092675,0.05,0.15,0.5,0.08360901443434035,0.2524226224841575,0.18194002570923173,0.212,0.9661713476040089,1198.39,0.557393429562269,0.07835206867516056
119,0,1,1,0.08,0.35,0.014755392764146502,0.0030674899092585414,0.01,0.028800579962907462,0.6,0.06828255055965932,0.05,0.15,0.5,0.10922715610278722,0.16541333870202807,0.2524226224841575,0.163,0.4186766486769831,521.075,0.7281810406852481,0.08425074913710766
119,0,1,1,0.08,0.35,0.01872939314516779,0.0033625513541793877,0.01,0.03138230554462792,0.6,0.019900376330944453,0.05,0.15,0.5,0.10262534178492924,0.11663214341925583,0.16541333870202807,0.12,0.10501593616043112,133.04,0.6841689452328616,0.09829593633586861
119,0,1,1,0.08,0.35,0.024483248879395972,0.003317822296685055,0.01,0.032309035278684124,0.6,0.003060205130182674,0.05,0.15,0.5,0.08971221426370461,0.10312528296681718,0.11663214341925583,0.106,0.012689988083026916,18.822,0.5980814284246975,0.11094884873532873
119,0,1,1,0.08,0.35,0.029950323768644423,0.0030175384770344056,0.01,0.03141758364705904,0.6,0.02053330516634822,0.05,0.15,0.5,0.07621673954917357,0.11300915112980542,0.10312528296681718,0.062,0.06957304760214833,89.193,0.5081115969944905,0.11877463513461689
119,0,1,1,0.08,0.35,0.03279072007587552,0.002701899254246862,0.01,0.02977034720348519,0.6,0.0017915382876614895,0.05,0.15,0.5,0.06741159362019461,0.10289188431038936,0.11300915112980542,0.067,0.005423092556788814,9.832,0.44941062413463073,0.12024189501303151
119,0,1,1,0.08,0.35,0.0347701266502429,0.002233589695747544,0.01,0.026703936421400495,0.6,0.009754961123697602,0.05,0.15,0.5,0.05716330043217761,0.10592521465342672,0.10289188431038936,0.053,0.02626914024601623,35.621,0.38108866954785076,0.11722152214064119
119,0,1,1,0.08,0.35,0.03427408008078041,0.0018089589487561523,0.01,0.02336828181638099,0.6,0.0065241816849892715,0.05,0.15,0.5,0.04971701108154348,0.103517841620696,0.10592521465342672,0.089,0.016264427684475738,23.244,0.3314467405436232,0.10915533191179878
119,0,1,1,0.08,0.35,0.03239722042918418,0.0014071541484567919,0.01,0.01977693235173845,0.6,0.018193759818694935,0.05,0.15,0.5,0.042966742829746926,0.10662424558463564,0.103517841620696,0.101,0.04249557637434812,55.695,0.28644495219831284,0.09824953364739936
119,0,1,1,0.08,0.35,0.029020377679018355,0.0011143139880088156,0.01,0.01682520237190103,0.6,0.13839321707898178,0.05,0.15,0.5,0.03903972225582061,0.14845220742200385,0.10662424558463564,0.138,0.3118080179063031,388.866,0.26026481503880405,0.08562924556995363
119,0,1,1,0.08,0.35,0.02236240754513912,0.0013163203811257847,0.01,0.0183826938631448,0.6,0.06299309815696046,0.05,0.15,0.5,0.05377559938109346,0.12352932151441538,0.14845220742200385,0.171,0.16366196555082344,205.592,0.3585039958739564,0.07343407026283631
119,0,1,1,0.08,0.35,0.020958420860408774,0.0012724217813361838,0.01,0.017895226916106663,0.6,0.1275921881722796,0.05,0.15,0.5,0.05496077614030464,0.15064629010135766,0.12352932151441538,0.192,0.3356303402704592,418.337,0.3664051742686976,0.069454356580842
119,0,1,1,0.08,0.35,0.018375914788643855,0.0014531835921526134,0.01,0.01913561294362718,0.6,0.14589826245412033,0.05,0.15,0.5,0.06566462467790046,0.16583819762038976,0.15064629010135766,0.217,0.43249425847959866,538.169,0.4377641645193364,0.06639116263653988
119,0,1,1,0.08,0.35,0.016734624616248032,0.0017343207891581348,0.01,0.0209966609896903,0.6,0.0903922913213297,0.05,0.15,0.5,0.07748169280551055,0.1465741050322028,0.16583819762038976,0.179,0.31161886845656567,388.632,0.5165446187034037,0.0671508607915232
119,0,1,1,0.08,0.35,0.017517418442937888,0.00188430390542818,0.01,0.022160308394462404,0.6,0.019486141343021537,0.05,0.15,0.5,0.0791581344645097,0.10814390304166902,0.1465741050322028,0.136,0.06876633328232791,88.195,0.5277208964300647,0.07141289716496546
119,0,1,1,0.08,0.35,0.0202949080233833,0.001772725776672484,0.01,0.02177749343216372,0.6,0.002755572915395878,0.05,0.15,0.5,0.06992468991047225,0.09898206937390933,0.10814390304166902,0.112,0.008603066639127046,13.766,0.46616459940314836,0.07605578711648997
119,0,1,1,0.08,0.35,0.02256149805814617,0.0015400003039600138,0.01,0.020260452935443467,0.6,0.009995605934453965,0.05,0.15,0.5,0.05958341349470992,0.10217586038823528,0.09898206937390933,0.098,0.027637644598176532,37.314,0.3972227566313995,0.07753837252527039
119,0,1,1,0.08,0.35,0.023238310142634087,0.0013019629486385742,0.01,0.01832065877513659,0.6,0.03936759825660109,0.05,0.15,0.5,0.05191424231507753,0.11357809136918648,0.10217586038823528,0.02,0.1003397414308107,127.255,0.34609494876718355,0.0752373274025677
119,0,1,1,0.08,0.35,0.022060251404338354,0.0011681727558202615,0.01,0.017041511589448763,0.6,0.009552562233414016,0.05,0.15,0.5,0.049836951264010276,0.10084677250569912,0.11357809136918648,0.089,0.023842530638700676,32.619,0.3322463417600685,0.0703196760350702
119,0,1,1,0.08,0.35,0.02143321544692802,0.000949455303964234,0.01,0.014899570450959573,0.6,0.0,0.05,0.15,0.5,0.04361906699604779,0.09653009362201806,0.10084677250569912,0.092,0.0,1.574,0.29079377997365197,0.0653009362201806
119,0,1,1,0.08,0.35,0.020205438227849006,0.0007234995712231739,0.01,0.012425292622561711,0.6,0.014746753394246198,0.05,0.15,0.5,0.03693378865104599,0.10109376194533365,0.09653009362201806,0.1,0.03260645514320274,43.461,0.24622525767363995,0.05876729122421215
119,0,1,1,0.08,0.35,0.017939309513734927,0.000569309014628966,0.01,0.010556902434384844,0.6,0.17707502917974968,0.05,0.15,0.5,0.03349720842684255,0.15589555102861563,0.10109376194533365,0.137,0.37998022791701974,473.203,0.223314722845617,0.05098714561892485
119,0,1,1,0.08,0.35,0.01315933746926643,0.0007986714432501031,0.01,0.013045578985479773,0.6,0.05345246940708591,0.05,0.15,0.5,0.05494848518758427,0.11685457908208537,0.15589555102861563,0.162,0.14058815767579932,177.047,0.36632323458389515,0.04360473853957477
119,0,1,1,0.08,0.35,0.01315993602144671,0.000791597914648883,0.01,0.012976412600213432,0.6,0.28874732620283516,0.05,0.15,0.5,0.054604282104021996,0.2154225937856275,0.11685457908208537,0.207,0.7567093486253043,939.261,0.36402854736014667,0.043490980055788116
119,0,1,1,0.08,0.35,0.009567353495188767,0.0012935504082385448,0.01,0.016720826280485334,0.6,0.16231263693680545,0.05,0.15,0.5,0.08960699903164664,0.2018350155849712,0.2154225937856275,0.234,0.6719016870094731,834.344,0.5973799935443109,0.04330745663455484
119,0,1,1,0.08,0.35,0.009886445151244115,0.0016873934998988555,0.01,0.019430642741992188,0.6,0.058796401907485085,0.05,0.15,0.5,0.10031881215618468,0.14238505922622585,0.2018350155849712,0.182,0.2958685392765045,369.147,0.6687920810412312,0.050460929419851405
119,0,1,1,0.08,0.35,0.012663854212974203,0.0018769072002262244,0.01,0.021232258812128122,0.6,0.014496676319519026,0.05,0.15,0.5,0.09383734159389491,0.10632529199814762,0.14238505922622585,0.139,0.06452987060679799,82.954,0.6255822772926327,0.06000512701059948
119,0,1,1,0.08,0.35,0.016421464989618304,0.001866450514653665,0.01,0.021858514612525227,0.6,0.026394146849106837,0.05,0.15,0.5,0.08165470572270458,0.11230488155526017,0.10632529199814762,0.115,0.0965470524642802,122.563,0.5443647048180306,0.0685735316097534
119,0,1,1,0.08,0.35,0.019203289167016975,0.0018030372518609936,0.01,0.021847130860997543,0.6,0.0025863655401484357,0.05,0.15,0.5,0.07308565431446687,0.0987461208769546,0.11230488155526017,0.096,0.008406642210553534,13.523,0.4872376954297791,0.07401058123266031
119,0,1,1,0.08,0.35,0.021829080905735654,0.0015903315646742747,0.01,0.02058463415785767,0.6,0.0031093929920418344,0.05,0.15,0.5,0.06224030541053995,0.09908267283640633,0.0987461208769546,0.1,0.008857690898389002,14.081,0.4149353694035997,0.07665442292664087
119,0,1,1,0.08,0.35,0.023077342190820523,0.0013355639380067876,0.01,0.018602633360749014,0.6,0.027127018869516625,0.05,0.15,0.5,0.053132118813064094,0.10874265436400324,0.09908267283640633,0.093,0.07001035466329347,89.734,0.3542141254204273,0.07540997617876288
119,0,1,1,0.08,0.35,0.02238676522572904,0.0011593428191726074,0.01,0.016979357219565113,0.6,0.0917322129029758,0.05,0.15,0.5,0.049031019230830954,0.1334342770144783,0.10874265436400324,0.095,0.22712968924755725,284.109,0.32687346153887303,0.07093526734869138
119,0,1,1,0.08,0.35,0.01972746614777065,0.0012070733385023073,0.01,0.017231291268128383,0.6,0.030790134478626677,0.05,0.15,0.5,0.05526229685877679,0.10955294678160982,0.1334342770144783,0.108,0.0812510052959817,103.64,0.3684153123918453,0.06552785934252744
119,0,1,1,0.08,0.35,0.019542493035421455,0.0010801616119455956,0.01,0.016076365071185855,0.6,0.10345237673745719,0.05,0.15,0.5,0.05141041150097892,0.13827611034105436,0.10955294678160982,0.146,0.2623308868422866,327.657,0.34273607667319284,0.06303168446288518
119,0,1,1,0.08,0.35,0.017405397628123858,0.0011725416666136376,0.01,0.01674387377447018,0.6,0.14514323349726496,0.05,0.15,0.5,0.05905468204465882,0.15979413927062386,0.13827611034105436,0.195,0.39898489762974326,496.714,0.3936978802977255,0.05956555649864958
119,0,1,1,0.08,0.35,0.015461433165304305,0.0014096144102919905,0.01,0.018446461320721516,0.6,0.1393195681699514,0.05,0.15,0.5,0.0717920835125577,0.1671463959707222,0.15979413927062386,0.219,0.4453499544138913,554.073,0.478613890083718,0.0589040326449959
119,0,1,1,0.08,0.35,0.014812768181917077,0.0016856468517515084,0.01,0.020350252498431053,0.6,0.14611823057827591,0.05,0.15,0.5,0.08170976404962295,0.1817755077631589,0.1671463959707222,0.225,0.5349162605194849,664.877,0.5447317603308197,0.06188906080041311
119,0,1,1,0.08,0.35,0.014657917124397533,0.00204792818226873,0.01,0.022730485617576582,0.6,0.08614284671292126,0.05,0.15,0.5,0.09111818700115816,0.1552618082711842,0.1817755077631589,0.171,0.3657447109968219,455.592,0.6074545800077211,0.06742654511692708
119,0,1,1,0.08,0.35,0.016598407720660995,0.0022666015902406632,0.01,0.024498634876551118,0.6,0.08401214303144548,0.05,0.15,0.5,0.09006469673058233,0.1536184642496472,0.1552618082711842,0.134,0.3504284555539788,436.644,0.6004313115372155,0.07549911361010614
119,0,1,1,0.08,0.35,0.018578099307667597,0.002469088174530113,0.01,0.026144567555578608,0.6,0.0,0.05,0.15,0.5,0.08881682343717569,0.09833993407659962,0.1536184642496472,0.11,0.0,3.123,0.592112156247838,0.08339934076599625
119,0,1,1,0.08,0.35,0.023169975294427145,0.0022779032259361404,0.01,0.025693952117577835,0.6,0.010404670116213014,0.05,0.15,0.5,0.07512393669541984,0.10465492339805163,0.09833993407659962,0.097,0.0347396406041307,46.1,0.5008262446361322,0.09096580901390727
119,0,1,1,0.08,0.35,0.026005102356391564,0.0020279293647919093,0.01,0.024331730708074754,0.6,0.03356394155248951,0.05,0.15,0.5,0.06507436122464838,0.11515760459417318,0.10465492339805163,0.046,0.09880391256542112,125.355,0.43382907483098926,0.09348978583705797
119,0,1,1,0.08,0.35,0.02661741742476266,0.0018376629537708627,0.01,0.022983976146562585,0.6,0.006191788336419366,0.05,0.15,0.5,0.060043608869105765,0.10193488140930894,0.11515760459417318,0.043,0.01720774994021766,24.411,0.40029072579403846,0.09181641418874116
119,0,1,1,0.08,0.35,0.02728289164616078,0.001519398100767412,0.01,0.020483208108811515,0.6,0.027653198660169243,0.05,0.15,0.5,0.05169018634613718,0.11006974722565896,0.10193488140930894,0.097,0.0703215620912803,90.119,0.3446012423075812,0.08818297291054109
119,0,1,1,0.08,0.35,0.025907092472029918,0.0012982459940632232,0.01,0.01845607489182934,0.6,0.053992268943720965,0.05,0.15,0.5,0.04785672847812688,0.119282068760518,0.11006974722565896,0.105,0.13214837389499265,166.606,0.31904485652084585,0.08138328937319182
119,0,1,1,0.08,0.35,0.023410006745362776,0.0011972671608033514,0.01,0.017388805291251513,0.6,0.029602635209034615,0.05,0.15,0.5,0.04858232264885651,0.10906875988018713,0.119282068760518,0.15,0.07297207938055003,93.398,0.3238821509923767,0.07393227179299125
119,0,1,1,0.08,0.35,0.021983029511663137,0.0010312472477221797,0.01,0.015738598498752667,0.6,0.13350710762327564,0.05,0.15,0.5,0.04555577945876272,0.14792159828804546,0.10906875988018713,0.179,0.3195655703384841,398.463,0.3037051963917515,0.06791107033887998
119,0,1,1,0.08,0.35,0.018085663079579442,0.0012044274043696349,0.01,0.01707541577906229,0.6,0.1999406304038818,0.05,0.15,0.5,0.058593791596281336,0.18366209072933853,0.14792159828804546,0.215,0.5468464174796349,679.636,0.39062527730854224,0.06166663932596951
119,0,1,1,0.08,0.35,0.014814190020613913,0.0016097226500472286,0.01,0.01981872727499432,0.6,0.27921127374409693,0.05,0.15,0.5,0.07961515330676595,0.2547425629222282,0.18366209072933853,0.235,0.9917307732480186,1230.01,0.530767688711773,0.06065639202545236
119,0,1,1,0.08,0.35,0.011486464902726793,0.002392533526800185,0.01,0.024123554673514094,0.6,0.13278615058303922,0.05,0.15,0.5,0.10931311297485852,0.22711051182244157,0.2547425629222282,0.184,0.8159026180903644,1012.49,0.7287540864990568,0.06566092927983276
119,0,1,1,0.08,0.35,0.013119451121438285,0.002935528152904049,0.01,0.02764779219816594,0.6,0.013787926495291498,0.05,0.15,0.5,0.1124751885870656,0.1125271991482513,0.22711051182244157,0.123,0.09185873276993305,116.763,0.7498345905804373,0.07829801905062006
119,0,1,1,0.08,0.35,0.018855435148892256,0.00300855710083818,0.01,0.02941526550485024,0.6,0.007173070685308937,0.05,0.15,0.5,0.09723177005036387,0.1047200521945208,0.1125271991482513,0.102,0.03398385113616267,45.165,0.6482118003357592,0.09282636012734771
119,0,1,1,0.08,0.35,0.024368064062417205,0.0028697139779148917,0.01,0.029646836009391806,0.6,0.000935294754222263,0.05,0.15,0.5,0.08327168158047991,0.10089927741729594,0.1047200521945208,0.088,0.0035041148060336127,7.458,0.5551445438698661,0.10338619048330569
119,0,1,1,0.08,0.35,0.028852888703923222,0.0025532921630139,0.01,0.028308778033723003,0.6,0.0011614834064813872,0.05,0.15,0.5,0.07049076645985403,0.10145082254314004,0.10089927741729594,0.084,0.0036520393757000836,7.641,0.46993844306569355,0.10866496243028029
119,0,1,1,0.08,0.35,0.0314286174388467,0.0021519069739982474,0.01,0.025803481830812422,0.6,0.0035745385188768013,0.05,0.15,0.5,0.05970838017739605,0.10239563790256212,0.10145082254314004,0.085,0.009897204540963218,15.367,0.398055867849307,0.10812085176008007
119,0,1,1,0.08,0.35,0.0318844143517129,0.001741249084809541,0.01,0.02265558857767042,0.6,0.0264122478839925,0.05,0.15,0.5,0.05096551788251843,0.11091747124743992,0.10239563790256212,0.089,0.06667437270147093,85.607,0.3397701192167895,0.1024957161520458
119,0,1,1,0.08,0.35,0.02987184981070244,0.001461844721691283,0.01,0.02014785213162155,0.6,0.022865593185087258,0.05,0.15,0.5,0.04702134002001811,0.10820837119972868,0.11091747124743992,0.107,0.055510513512052204,71.796,0.31347560013345405,0.09326689037800331
119,0,1,1,0.08,0.35,0.02750647210746573,0.001202424536152988,0.01,0.017640596472935432,0.6,0.13243862993483624,0.05,0.15,0.5,0.04317870128652478,0.14794688233134673,0.10820837119972868,0.157,0.3099537066340906,386.572,0.2878580085768319,0.08354289269892243
119,0,1,1,0.08,0.35,0.021987400562583855,0.001384816682157823,0.01,0.01893679251589381,0.6,0.007460459001440122,0.05,0.15,0.5,0.05638732690334855,0.1005555004326811,0.14794688233134673,0.183,0.01992374203901188,27.771,0.37591551268899037,0.07367701706439213
119,0,1,1,0.08,0.35,0.022320675678098124,0.0011498114570733969,0.01,0.016887133797793247,0.6,0.23441974435668336,0.05,0.15,0.5,0.04884057421573861,0.18975582991081852,0.1005555004326811,0.218,0.5793324313065519,719.825,0.3256038281049241,0.07062640901770209
119,0,1,1,0.08,0.35,0.01639524884538597,0.0016625262890992622,0.01,0.020436700965965504,0.6,0.25942584217239983,0.05,0.15,0.5,0.07650497801831932,0.23771298129461307,0.18975582991081852,0.243,0.8824605911304584,1094.83,0.5100331867887955,0.06519286713739722
119,0,1,1,0.08,0.35,0.013019372939555424,0.0023930549059106546,0.01,0.02450000560572269,0.6,0.08127767470578474,0.05,0.15,0.5,0.1036937286980665,0.16713221567849948,0.23771298129461307,0.185,0.4388048984543863,545.976,0.6912915246537767,0.06923431925797675
119,0,1,1,0.08,0.35,0.015879145676282153,0.0026897548072999677,0.01,0.026911111138038356,0.6,0.01865316565752051,0.05,0.15,0.5,0.09997236236333765,0.11298578380463596,0.16713221567849948,0.133,0.09321430382638479,118.44,0.6664824157555843,0.08071495192414402
119,0,1,1,0.08,0.35,0.020747123794770634,0.002672007240166637,0.01,0.027800517761393712,0.6,0.03885525292918542,0.05,0.15,0.5,0.08737101963637008,0.1239908408782299,0.11298578380463596,0.072,0.15510093212274917,195.001,0.5824734642424672,0.09174691738590023
119,0,1,1,0.08,0.35,0.024112216815180817,0.002624559580914886,0.01,0.02808666885141673,0.6,0.002239386247786023,0.05,0.15,0.5,0.07969285354426738,0.10115409009550098,0.1239908408782299,0.097,0.00796286850155412,12.974,0.5312856902951159,0.0988003113525233
